First Name;Last Name
Edelmira;Huffman
Anibal;Ellis
Candi;Piloo
Delmy;Edwards
Reatha;van Hoorn
Liane;Rosieu
Lucrecia;Peters
Matthew;Fields
Gene;van Rijn
Vivian;Boet
Gustavo;Stanton
Peter;Bergacker
Johnny;van Hoften
Vance;Rodriquez
Yasmine;Hunter
Lin;van Es
Rayford;Carroll
Reginia;van der Voort
Jeanette;Brouwer
Bradly;Gray
Leigh;Montoya
Kareem;Oconnor
Racquel;Day
Mandie;Bankhead
Keiko;Symons
Sid;Love
Fletcher;Palmer
Cornelius;Bruijnen
Kelsie;Daugherty
Brendon;Gay
Robbyn;van der Wijksen
Doyle;Marquez
Janeen;van Deijl
Camila;Parsons
Kayleen;Ophorst
Dalton;van Harn
Heather;Craft
Vernon;Houston
Caryn;Odom
Colton;Fisher
Tomas;Irwin
Ernesto;Tran
Jamie;Haak
Sherilyn;Vis
Consuelo;Moyer
Isobel;Noel
Mariano;Dudley
Gema;Greene
Tien;Verhoef
Adriana;Abresch
Gaylord;Holland
Augustina;Augustinus
Moses;Lubbert
Breana;Willet
Tory;Levy
Clarence;Vesters
Maile;Woodard
Kevin;Rudlin
Shalon;Vesters
Frank;van Hilten
Elodia;William
Valentine;Ballard
Domingo;Leeuwenstein
Hassan;Davila
Shara;Gonzalez
Gabriel;van Rijnberck
Shela;Bosschaart
Everette;Holmes
Keneth;Wolfe
Magdalene;England
Stanford;Lubbert
Sol;Padilla
Harrison;Pineda
Ardelle;Vermaak
Elene;Hahn
Merideth;Siimmons
Torrie;van der Peijl
Miguel;Moore
Gavin;Ruloffs
Milagro;Rivers
Carolann;Keith
Erich;Franks
Tasia;Noyen
Zelma;Reeves
Troy;Oconnor
Brianna;van Ede
Rosia;Hunt
Claudie;Boeff
King;Piloo
Eugene;Brooks
August;de Rochefort
Terrence;Li
Brett;Sullivan
Cheryle;Fraenkel
Elmer;Moses
Demarcus;Tyson
Christeen;Shields
Dario;Kerkhof
Alec;Koedam
Blair;Joliet
Maye;Andrews
Aurore;Wooten
Faustino;Huig
Efrain;Rangel
Kymberly;Hammond
Leonard;Mcgee
Lonnie;Dejesus
Nathaniel;Hudson
Freddy;Baker
Eusebio;Robertson
Blondell;Treur
Orlando;van Hees
Merrill;Villa
Ricky;van Nes
Kathrin;Sharpe
Agnes;Muijen
Brendon;Houston
Tyrone;van Helpen
Somer;van der Helm
Albert;Shaffer
Ramon;Talley
Rodney;Higgins
Jospeh;Heijn
Dayle;Proctor
Mike;Pruitt
Ali;Komen
Aletha;Goudkade
Carmelina;Justice
Gabriella;Chang
Wendy;Morrow
Heriberto;Coffey
Les;van Steenderen
Judy;van Steenderen
Ivory;Marsdag
Clemente;Frieber
Dania;Piloo
Willy;Guerts
Marcel;Boyd
Desire;Short
Shona;Mcconnel
Ariana;Hebert
Rodrick;de Heus
Randy;van Haarlem
Lemuel;Levine
Quintin;Allison
Eldon;de Ridder
Moshe;Conijn
Vernia;Payne
Edmund;Lindsey
Jamal;Siimmons
Jimmie;Groenewout
Tyrone;Winters
Ludie;Bernard
Hertha;Barajas
Teodoro;Yates
Jennie;van Blootenburgh
Olive;Spence
Cecily;Owens
Jarod;Cline
Zachery;Lapperre
Shirlee;Butler
Josue;Foster
Terry;de Ruiter
Pedro;Roth
Jack;Krause
Colby;Walter
Ivory;Rich
Kathie;Noble
Sade;van der Goot
Nu;Kent
Celestine;Cervantes
Eric;Sanchez
Susy;Budding
Arden;Rice
Cameron;Slot
Arnoldo;Burch
Samual;de Keizer
Walter;Hijberts
Charles;Bowen
Efrain;York
Alvin;Jurriaens
Carmelita;van Woudenberg
Shawna;Valencia
Noriko;Turner
Michale;Castro
Thomasena;de Prijs
Iris;Escobar
Keiko;Goudkade
Raguel;Sawyer
Jude;Dillon
Tracee;Colon
Vicente;Blevins
Rickey;Knapp
Latasha;Edwards
Marvin;van Munnik
Larisa;Olsen
Eugenio;Richardson
Tyson;Mckay
Lissa;Blevins
Hung;Dixon
Sang;Beth
Dalene;Wise
Judi;Utrecht
Ken;van der Woude
Hershel;Rivas
Alexandra;Yang
Marian;van Tol
Marquita;Ruys
Jacqualine;Moran
Bell;Combs
Alton;Pudney
Hugo;Beltran
Dillon;Britt
Vernice;Neville
Ghislaine;Walter
Quinton;Kaufman
Deandre;Cordova
Bobette;van Beek
Frederick;Goudkade
Caroll;Pael
Alvaro;Lancaster
Augustine;Rudlin
Xavier;Lapperre
Francis;Pruitt
Bettina;Chavez
Alfredia;Guerts
Holli;Mcgowan
Demetrius;Briggs
Nathaniel;Forfar
Loren;Frederick
Nedra;Hoogerwaard
Rene;van Neure
Neta;Gallagher
Pamila;Good
Bret;Nielsen
Broderick;Kidd
Stefanie;Newton
Kasey;Robbins
Eddie;van Woudenberg
Ladawn;Pena
Candis;Heijn
Weldon;Robinson
Burton;Vaughn
Casimira;van Waay
Michelle;Bruins
Drusilla;Wynn
Danyell;van der Goot
Theodore;Powers
Jene;Beard
Rodrick;Stein
Rolanda;Blankenship
Aldo;Rijkensz
Ernie;Burghout
Buddy;Rivas
Hollis;Koren
Graham;Boet
Fairy;Wilkinson
Patricia;Ruys
Joshua;Arias
Claude;van Roy
Denny;Kelly
Jonas;Bramhall
Salvatore;Duncan
Nicolle;Hendricks
Leslie;Ris
Angla;Sanders
Shantae;Carrillo
Thalia;Hahn
Carroll;Christian
Rodrick;Hull
Twanna;Tissen
Gerda;Amptman
Bibi;Noel
Julian;Gonzales
Chante;Frye
Mozella;Gendringen
Cassey;Cruz
Elias;van der Horst
Rubi;van Rosmalen
Darryl;Mcbride
Lillian;Sombaart
Efren;White
Emilio;Guerra
Boris;Bowen
Rolf;Heuvel
Jim;Fuentes
Don;Justice
Mandi;Alvarado
Angela;Paton
Earlene;Tweel
Louetta;Zuniga
Agnes;Head
Camille;Adler
Tonisha;Chung
Marilynn;Holland
Jana;Rosario
Tonda;Kam
Chiquita;Noel
Juan;Melissen
Rachel;Lindsay
Sterling;van Kleef
Elvira;Weir
Layla;Muusse
Santiago;van der Linden
Forrest;Hamerling
Quinn;Dixon
Philomena;Curry
Enola;Terrell
Ashlee;van der Voort
Rodrigo;Bramhall
Theressa;de Bouter
Ramon;Cox
Milda;Bertrand
Nilsa;Sam
Angeline;Bonilla
Tyrone;Nedermyer
Onie;Whitney
Forest;Waller
Euna;Boogaart
Bradley;Hoover
Del;Snuif
Katharina;Delgado
Julieann;Figueroa
Royal;van Soestdijck
Florentino;Fisher
Rubi;Beasley
Ulysses;van der Meijden
Cyril;Paul
Barbara;de With
Janet;Lancaster
Margo;Henson
Dewitt;Brennan
Despina;Fransdr
Mellisa;Steijn
Eulalia;van Versendaal
Percy;Nash
Madeline;Tanner
Elvin;Christian
Manie;Cobb
Magnolia;Sloof
Randall;Schmitt
Angella;Bender
Fred;van Rijn
Gabriel;Dickerson
Jannette;Dixon
Zenaida;van Emmerik
Maurice;Fitzpatrick
Antone;Vasquez
Omar;Crispijn
Russ;Oconnor
Lawerence;van der Ham
Arron;Kleijne
Cindie;Kent
Javier;Mccoy
Ramona;Peterse
Lynwood;Pols
Eugenie;Vreemdt
Brent;Stone
Moises;Guerts
Lacy;Langer
Filiberto;Huber
Ricardo;Li
Shantae;Blok
Demetria;de Boer
Lyndon;Tran
Reginald;Gorter
Phoebe;Fray
Chang;Wilkins
Trena;Barry
Hipolito;Sears
Drema;Fisher
Marty;Larsen
Karon;Soto
Lonnie;Maynard
Ted;Robles
Harland;Timmer
Kenna;Vinck
Joshua;van Blootenburgh
Wonda;Estrada
Jarred;Macdonald
Alda;van Eyk
Antony;Schrauwen
Marlyn;Glenn
Janie;Huizing
Donita;Hensley
Merideth;Gillespie
Karla;Hanna
Ozella;van Sam
Jena;Downs
Tameka;van Ree
Josiah;Rijckensz
Leigh;Lawrence
Georgetta;Clements
John;Hartog
Jerrold;Holtendorp
Randolph;Graves
Venita;Harding
Collin;Carter
Arden;Noel
Kindra;van Niekerk
Moshe;Haak
Aisha;Broers
Maren;Barber
Brigid;Gonzalez
Alaine;Clements
Hedwig;Dunn
Lona;Verkruysse
Ivonne;Martinez
Wilmer;Bird
Alycia;Hodges
Jerrod;de Vries
Jerrell;Budding
Cristal;Simmons
Annalisa;Dekker
Princess;Justice
Luther;Mccormick
Rueben;Avila
Neil;van Batenburg
Carroll;Schilt
Ward;Vermaak
Dagmar;Barr
Winston;Vaughan
Clare;van Helpen
Buddy;Nedermeyer
Caron;Martin
Shemeka;Romero
Tami;Luke
Melody;Oomen
Lucina;Kalt
Donald;Jansz
Danial;Charles
Bonita;Groenewout
Tomiko;Keith
Austin;Berendse
Ranee;Roman
Zenobia;Levy
Bertram;Callander
Sandie;Vedder
Jeneva;Huffman
Lona;Cobb
Laurene;van Zwieten
Michael;Miller
Elayne;van Dillewijn
Jenniffer;Hood
Casey;van Zanten
Annalisa;Kock
Lavon;van Munster
Emelia;Cooley
Mana;Wammes
Dedra;Macias
Valentin;Cooll
Keith;Koren
Tresa;Decker
Sonny;van Diedenhoven
Brady;Donkerkaat
Terina;Conner
Dannielle;van Eldik
Garret;Rossum
Freddy;Cain
Van;Foreman
Freeman;Thomas
Walker;Mitchell
Rene;Krause
Sang;Manning
Dominic;de Boon
Rutha;Knight
Trudi;Riley
Barb;Hopkins
Karyl;Olson
Quentin;Burgess
Shaquana;Alexander
Lance;Underwood
Alica;Vang
Leticia;Wall
Jean;Romijn
Erna;Bosschaert
Mina;Liu
Paris;Shelton
Abe;Chavez
Jimmie;Haas
Misti;Bilt
Carita;Deutschmann
Benedict;Stanley
Steven;Dasilva
Shane;Hasselman
Terrell;van Dijk
Carlene;Garrett
Malik;Kelly
Brenda;Kirk
Vilma;Lane
Jo;Harrell
Abe;van Everdingen
Harvey;Ho
Gayle;Kok
Quentin;Romijn
Kimiko;van der Pauw
Ena;Barten
Tanner;Haars
Juan;Nielsen
Melodi;Timmer
Carlo;Grandia
Jacob;van Pelt
Katelin;Glover
Rickey;Wilson
Kenton;Savage
Rickey;Wolf
Leonida;Freeman
Arnette;Rollins
Mitch;van Jolenbroek
Kurt;Joyner
Tory;Schoonderbeek
Merlin;van der Beek
Earnest;Robles
Tory;Blair
Millicent;Schroeder
Deidra;Groeneveld
Sam;Ruys
Desiree;Hopkins
Stevie;van Beusichem
Keven;Oosthuizen
Bulah;van der Zanden
Evette;Roberts
Leandro;Richards
Maren;van der Woerd
Angie;Wade
Amanda;Perdon
Chi;Nieves
Justa;Roth
Teri;Tapia
Donna;Savage
Bernardo;Peterson
Toby;Orr
Normand;Kemp
Allegra;Boom
Earlean;Abresch
Keely;Dixon
Marguerita;Schuling
Mildred;Maldonado
Fabian;Luke
Katy;Hoffman
Katlyn;George
Fredric;Blankenship
Jeremy;Cruz
Amelia;Treur
Lavone;Otway
Adolfo;Cochran
Kasi;van Bekkum
Caroline;van Bolswaert
Cary;Molina
Trish;Martinez
Issac;Freeman
Digna;Laponder
Ileana;van Ojen
Adriane;Baerents
Raul;Krueger
Dorothy;Rollins
Glynis;van Tol
Mac;Walker
Tanisha;van der Velden
Carter;Kues
Russell;Soto
Joy;Ibarra
Shara;Rowland
Jonah;van Triest
Stuart;Armstrong
Michal;Colon
Bill;van der Pruyl
Russel;van der Linden
Tommy;Verrips
Janice;Hunt
Vivian;Hughes
Lorrie;van Batenburg
Janine;Spears
Dewayne;de Bosch
Hong;Holcomb
Elijah;Becker
Chaya;Jarvis
Bart;Mcdowell
Les;Short
Charlie;Pos
Ward;Fitzgerald
Tamie;Baker
Josef;Baruchi
Trevor;Besemer
Berry;Small
Reed;Stanton
Lucretia;Veldkamp
Deeanna;Limmink
Fred;Myers
Randall;Nieuwenhoven
Nena;Britt
Alexia;Komen
Mohammad;Hatfield
Cordell;Mccarty
Graham;Sharpe
Elfriede;Peck
Cami;Munnickhuijsen
Benny;van Bolswaert
Erlinda;Hodges
Fletcher;Lindsay
Kory;de Wolf
Sean;Bennett
Johnny;van Waey
Oda;Willems
Bula;Small
Conrad;Klaasz
Isabel;Garcia
Earnest;Amons
Maxwell;Huffman
Luci;Shaffer
Prince;Higgins
Palmer;Felt
Hassie;Torres
Darren;van der Peijl
Duncan;Vonck
Les;Rojas
Elma;Palsgraaf
Rachal;Moore
Leota;van Malsen
Alton;Knechtjes
Nikki;Hood
Emmett;Murray
Latasha;van der Toorn
Tyron;van Ommeren
Randal;Horne
Esta;van Est
Houston;Reyes
Isaiah;Rush
Soraya;Louris
Jerica;Steenis
Rosamond;Benedictus
Kyle;Rogers
Deandre;Ferdinandus
Luke;Booth
Jon;Powell
Mamie;Franks
Doug;Robertson
Inez;de Cock
Robbin;Vedder
Leonel;Arellano
Marcie;Sargent
Breanna;Mathis
Angle;Benskoop
Cherelle;Swart
Lowell;Peled
Frankie;Dean
Myrtie;Mayo
Dylan;Conrad
Oren;Beth
Delaine;Tyler
Efrain;Zwanenburg
Nana;Erickson
Justin;Louris
Katherin;Bos
Alfredo;Ris
Milford;Reed
Emilee;Underwood
Jamison;van der Linden
William;Adler
Graig;Johnson
Wilbur;Beltran
Wallace;Justice
Marion;van der Meijden
Arden;Mcdowell
Lashunda;Grandia
Roxanna;Dominguez
Tanner;de With
Nathanael;Ello
Shawnna;Mcconnell
Cory;French
Dong;van Blootenburgh
Hosea;Dircks
Marcos;Mays
Marion;Mcconnell
Theo;van Diedenhoven
Pablo;Fuentes
Wilmer;Rosario
Timmy;Martinez
Aldo;Kaiser
Ricky;Branch
Ray;Bosschaert
Corina;Franse
Jared;Cornelissen
Rey;Mayo
Gloria;Maxwell
Willard;Plateel
Santiago;Swoll
Collin;Gonzales
Cristina;Jensen
Lee;Brooks
Delbert;Morrow
Ed;Rangel
Tony;Stephanin
Lakeesha;Watkins
Ria;van Neure
Markus;van Beusekom
Sharleen;Frey
Grady;Black
Louanne;Luke
Bernardo;Kerr
Asley;Wood
Greg;Barney
Sophie;van Rietveld
William;Miles
Jean;Hickman
Gale;Ulrich
Johnie;Espinoza
Daphine;Carr
Milford;Acosta
Christie;Donkerkaat
Enoch;Jefferson
Syreeta;Morrow
Avery;Schermerts
Chris;Lemmers
Karisa;Froemke
Bo;van Wermeskerken
Scottie;Rios
Leeanna;van Rijnberck
Lowell;Ellis
Lewis;Willems
Randy;Barr
Verna;Lawrence
Colin;Vorberg
Karlene;Knight
Merlene;Timmer
Ermelinda;Gallagher
Malinda;van den Treek
Numbers;Weeda
Marica;Gill
Danny;Harvey
Launa;Sonneveldt
Gracia;Vance
Marcene;Schouten
Dennis;Creelman
Elicia;Gray
Pamula;Coffey
Idalia;Vargas
Lanette;Salazar
Rhett;de Loos
Basil;Vinck
Peter;Osborne
Roma;Flynn
Ramiro;Miedema
Guy;van Boggelen
Chi;Bleijenberg
Keiko;Feikes
Wilburn;van der Beek
Migdalia;van der Peijl
Cristobal;Duffy
Melita;van Bolswaerd
Franklin;Bertrand
Ruthie;Sterke
Alyssa;Davenport
Ivelisse;Toorn
Nicki;de Graaf
Zenobia;Leenards
Penny;van Bekkum
Elijah;Hoedenmaker
Charmaine;van Liefland
Giovanna;Flores
Thaddeus;Cleijn
Jefferson;Walls
Tracey;Lutz
Edmund;van Gravendijk
Fabian;Boudewijn
Wilbert;Vance
Shanelle;Green
Buck;Koedam
Carroll;Turnbull
Sheldon;Rudlin
Jaquelyn;Post
Jeanmarie;Spencer
Carmel;Chambers
Luis;Franse
Berry;Groenewout
Man;van Steenderen
Shay;Zimmerman
Douglas;Carr
Darrin;de Ruiter
Anja;Calhoun
Larhonda;Tissen
Denisse;Goos
Clarence;van Leeuwen
Danial;Frazier
Clark;Mccormick
Newton;Terweele
Albertina;Mccall
Wesley;Melissen
Kira;Hogendoorn
Marcelino;van Steenis
Karl;Boogaart
Lakeisha;Yates
Alishia;Richards
Demetra;van Rietveld
Angelo;Rollins
Walton;Lefeu
Calista;Garrison
Arielle;Leenderts
Luther;Flynn
Loriann;van der Linden
Joanna;Zuniga
Meghann;Lagerweij
Kandy;Albert
Aracely;Udo
Mac;Wu
Efrain;Ayala
Gerardo;Velasquez
Boyce;Puckett
Domenic;Robinson
Johnny;Moyer
Dewey;Goudkade
Jame;Morse
Rosella;Cornelisz
Lang;Prince
Elroy;English
Felicidad;Lit
Winford;Terweele
Bridgette;Werner
Danille;Cortland
Evelynn;de Haan
Bernard;Drinhuijzen
Vernia;Mejia
Germaine;Pollard
Norbert;Shannon
Tarsha;Cruz
Jacklyn;Dafel
Lanette;de Raedt
Sherril;de Kock
Brad;Booker
Fredricka;Terweele
Burl;Kleyn
Iliana;Case
Murray;Nel
Jodie;Gibbs
Lacresha;Horne
Jerry;van Rhennes
Trenton;Hendriks
Mason;Shannon
Angelena;Batenburg
Alvaro;Chase
Chester;Duncan
Maurine;Riddle
Analisa;Rogers
Rolanda;Kofoed
Mitchel;Sosa
Phoebe;Huerta
Truman;Steijn
Karena;Garrison
Mirella;Solomon
Lou;Andrade
Sharika;Kruissen
Jayme;Mccray
Rayford;Verhoef
Cordell;Potter
Telma;Gendringen
Briana;Mcintyre
Claudia;Davies
Candis;Sullivan
Asia;van Diedenhoven
Anton;van der Kaay
Porter;Lambert
Charlsie;de Boon
Opal;Sims
Corene;Jongejans
Lynnette;van Son
Farah;Flink
Gordon;Newman
Laverne;Mcdowell
Ninfa;van Rhennes
Felix;Coleman
Raymond;Doyle
Bibi;Montes
Elisa;Jennings
Rosamaria;Jackson
Silvia;Young
Rashad;Lambrinou
Karleen;Bonouvrie
Maybelle;Kane
Joel;Powell
Terrell;Mcdaniel
Pia;van Ede
Chris;Graham
Merlene;Bonilla
Mark;van Emmerik
Bethanie;Horn
Annabell;Cruz
Leonardo;Hoffman
Reinaldo;Hayes
Cortney;van Rijn
Napoleon;van Uden
Donny;Valencia
Jeni;Mercado
Antony;Mees
Steve;Rubio
Trent;Kim
Tressie;Khan
Odell;de Cock
China;Krueger
Cedrick;Garrett
Manuela;Villarreal
Cleo;van Helten
Michelina;de Bouter
Rudolf;Simons
Leatha;Wolfe
Eufemia;Perkins
Royal;Moreno
Norine;Feikes
Wendie;van Niekerk
Truman;Ulrich
Leisa;Avila
Mohamed;Wijkniet
Shalon;Molenaar
Herman;Kilwinnet
Gavin;Nedermeyer
Alyson;Lowe
Mauro;Dominguez
Ivory;Zuniga
Jill;Jones
Herminia;Kuklinski
Andy;Tran
Ariel;Hale
Bari;Carey
Willia;de Wolf
Tricia;Sullivan
Sixta;Dudley
Mina;Abresch
Alec;Mcgowan
Forest;van Piggelen
Ike;de Jong
Marceline;Barney
Marjory;Lubbert
Jarod;Sherman
Mervin;Russo
Mickey;Cameron
Cary;Muijen
Larraine;Jacobs
Eileen;Rudlin
Antwan;Mayo
Camila;Stevenson
Marianna;Mendoza
Ezequiel;Klein
Elina;Garrison
Reed;Parrish
Dewayne;Tanner
Cristina;Schoonderbeek
Beckie;Ledeboer
Reginald;Sanford
Benny;Mooney
Jani;Robertson
Antonio;Sutton
Travis;Mckee
Beau;Joliet
Jodee;Wu
Cheyenne;Peck
Rosena;Haynes
Fanny;de Borst
Percy;Rivas
Clayton;Guzman
Damien;Dekker
Freddy;Lawrence
Renate;Wilder
Walter;Schuling
Ellena;Newton
Frank;Smits
Kari;Pennington
Mitchel;Mccoy
Fredericka;Neil
Isidro;Frieber
Maricela;Schrijvers
Adolfo;van Sam
Arnoldo;Zamora
Jefferson;Garner
Sidney;Hoyuers
Kristina;Schermerts
Dara;Poot
Daphine;Peled
Roman;Bankhead
Edgardo;Vazquez
Coy;Wells
Edmundo;Reyes
Son;Guerrero
Frederic;Taylor
Renae;van Boggelen
Tomika;Cameron
Alva;Hemen
Roma;Nieves
Virgil;Hopper
Yoshie;Durham
Miyoko;Cuevas
Shanti;Heuvel
Yong;Bass
Zackary;Lit
Anibal;Winkel
Lynn;de Graaf
Brenton;Choi
Ken;Goes
Bobby;Hemen
Francisca;Holtendorp
Eldridge;Landry
Kaci;William